0, 1366, 0.8187307523452501, 0.18442600003102944, 0.005908687728896566, 0.0004059973911559716, 0, 0
1, 1366, 0.670320048211534, 0.3416691979740521, 0.021012843741795566, 0.002974060837211561, 0, 0
2, 1366, 0.5488116952753026, 0.47686626711960517, 0.0421686545807603, 0.009212716316935219, 0, 0
3, 1366, 0.449329034365602, 0.5942304745259002, 0.06708272616156538, 0.020090668681203804, 0, 0
4, 1366, 0.36787951196421115, 0.6972189265451679, 0.09410765986258356, 0.036185503556432914, 0, 0
5, 1366, 0.3011942193215858, 0.7886699504625145, 0.12208358362870132, 0.057796415713436806, 0, 0
6, 1366, 0.24659677879086808, 0.870915390170315, 0.15021605307901503, 0.08502894143185637, 0, 0
7, 1366, 0.20189598131428016, 0.9458725899981149, 0.17798219669693763, 0.11785822786798879, 0, 0
8, 1366, 0.16529753544601103, 1.0151200365887632, 0.205058823874492, 0.15617581484878823, 0, 0
9, 1366, 0.13533332940686735, 1.079957973236487, 0.23126791182029696, 0.1998239672716969, 0, 0
10, 1366, 0.11080146945415492, 1.14145982120331, 0.2565348220145093, 0.24862041746274807, 0, 0
11, 1366, 0.09071627752794313, 1.2005151753875423, 0.28085735425457353, 0.30237532094187347, 0, 0
12, 1366, 0.07427194114955665, 1.2578608727370872, 0.30428254852002845, 0.36090390316532933, 0, 0
13, 1366, 0.060808491951871345, 1.3141102661668767, 0.3268894650752254, 0.4240341901809325, 0, 0
14, 1366, 0.04978558619162275, 1.3697757371840231, 0.34877663798212205, 0.49161214355037536, 0, 0
15, 1366, 0.040760825473087674, 1.425287330757939, 0.37005304561915053, 0.5635046012738, 0, 0
16, 1366, 0.03337200377072924, 1.4810080271128205, 0.3908317345844348, 0.6396006909610291, 0, 0
17, 1366, 0.02732257174019223, 1.5372462578039425, 0.41122543314198784, 0.7198121764805773, 0, 0
18, 1366, 0.022369735558121974, 1.5942661654336334, 0.43134364330201613, 0.8040730826053244, 0, 0
19, 1366, 0.018314712859318856, 1.6522960161644953, 0.45129082041338436, 0.8923388524730986, 0, 0
20, 1366, 0.014994754854162982, 1.7115351000853887, 0.47116534234254415, 0.9845852241998374, 0, 0
21, 1366, 0.012276614532330043, 1.7721593938152855, 0.4910590425898799, 1.0808069609447257, 0, 0
22, 1366, 0.010051251179202216, 1.8343259296221288, 0.5110570446734566, 0.9757750249578863, 0, 0
23, 1366, 0.00822927203405748, 1.898177457850983, 0.5312382356713428, 0.8934228582560565, 0, 0
24, 1366, 0.006737562153124556, 1.963844740995486, 0.551675355702261, 0.8296797792503757, 0, 0
25, 1366, 0.005516260327749742, 2.03144942296869, 0.5724355594102206, 0.7812256567739239, 0, 0
26, 1366, 0.004516333056178196, 2.1011061843714525, 0.5935809639741826, 0.7453525767295278, 0, 0
27, 1366, 0.0036976676467105805, 2.1729244652027164, 0.6151691680896575, 0.7198561525797257, 0, 0
28, 1366, 0.0030274039832766946, 2.2470099582147687, 0.6372538278772426, 0.7029405970800658, 0, 0
29, 1366, 0.0024786396966449222, 2.323465790780055, 0.6598851692766621, 0.6931451044647963, 0, 0
30, 1366, 0.0020293399234018457, 2.402393588679539, 0.6831105126180163, 0.6892820051356786, 0, 0
31, 1366, 0.0016614888304295786, 2.48389422961917, 0.7069746847162715, 0.6903886237390373, 0, 0
32, 1366, 0.0013603180478661972, 2.5680686239747343, 0.7315204973116137, 0.6956837047812082, 0, 0
33, 1366, 0.0011137422757311005, 2.655018238320235, 0.7567890965619919, 0.7045355307471495, 0, 0
34, 1366, 0.0009118590786098773, 2.7448457443708265, 0.7828203685886478, 0.7164338274943688, 0, 0
35, 1366, 0.000746571332006207, 2.8376553238366, 0.8096531988875433, 0.7309685063033593, 0, 0
36, 1366, 0.0006112442648860284, 2.9335530521106117, 0.8373257722920756, 0.7478104860424609, 0, 0
37, 1366, 0.0005004467901603792, 3.032647260741045, 0.8658758305339929, 0.7666972719212901, 0, 0
38, 1366, 0.00040973309950593216, 3.1350488489666204, 0.8953409041175445, 0.7874208192636912, 0, 0
39, 1366, 0.00033546264155567737, 3.2408715102720365, 0.9257585054662404, 0.809817557083752, 0, 0
40, 1366, 0.0002746548189877394, 3.3502319758110928, 0.9571663105454943, 0.8337603792334501, 0, 0
41, 1366, 0.0002248693305384774, 3.4632502294241445, 0.9896023195914951, 0.8591520778473961, 0, 0
42, 1366, 0.0001841077118520215, 3.5800497068043837, 1.0231050017292573, 0.8859199686088838, 0, 0
43, 1366, 0.0001507348334238518, 3.7007574866769337, 1.057713423476493, 0.9140116278154744, 0, 0
44, 1366, 0.0001234113659793459, 3.8255044634226425, 1.093467366571634, 0.9433912488842268, 0, 0
45, 1366, 0.00010104075558857582, 3.954425520981613, 1.1304074342659478, 0.9740368022354199, 0, 0
46, 1366, 8.272519521282392e-05, 4.087659698841272, 1.168575148552871, 1.0059376948893948, 0, 0
47, 1366, 6.772966618536353e-05, 4.225350356950322, 1.2080130402248628, 1.0390928763735934, 0, 0
48, 1366, 5.5452537509021406e-05, 4.367645316015824, 1.2487647259054822, 1.0735092998209448, 0, 0
49, 1366, 4.540068644704875e-05, 4.514697094478786, 1.2908750091808046, 1.1092006594313342, 0, 0
50, 1366, 3.7170924022022015e-05, 4.666662955018256, 1.3343899193642161, 1.146186417035827, 0, 0
51, 1366, 3.0432963554252936e-05, 4.8237051403491105, 1.379356804254362, 1.1844909677903086, 0, 0
52, 1366, 2.491638841527844e-05, 4.985991016479641, 1.4258243912809305, 1.2241429956406287, 0, 0
53, 1366, 2.0399799670496276e-05, 5.153693236342918, 1.473842852085818, 1.265174952075123, 0, 0
54, 1366, 1.6701998069420037e-05, 5.326989870489565, 1.5234638551339748, 1.3076226353935467, 0, 0
55, 1366, 1.3674428368075142e-05, 5.506064714567107, 1.5747406678003542, 1.35152488312064, 0, 0
56, 1366, 1.1195665321675249e-05, 5.691107253284867, 1.6277281566064088, 1.3969232836969843, 0, 0
57, 1366, 9.166266796008988e-06, 5.882312929408376, 1.6824828750977094, 1.4438619866576121, 0, 0
58, 1366, 7.504698614199024e-06, 6.079883444806155, 1.7390631593874355, 1.4923875764492929, 0, 0
59, 1366, 6.144321558626539e-06, 6.284026729168075, 1.7975291264839208, 1.5425489171885858, 0, 0
60, 1366, 5.0305401214222185e-06, 6.4949572342253665, 1.8579427662198438, 1.5943970887769237, 0, 0
61, 1366, 4.1186539116809605e-06, 6.7128961168848855, 1.9203680001893044, 1.6479853307758872, 0, 0
62, 1366, 3.3720659161494648e-06, 6.938071407689878, 1.9848707359626503, 1.7033690010533806, 0, 0
63, 1366, 2.7608119841867726e-06, 7.170718245986516, 2.0515189401341187, 1.7606055675607697, 0, 0
64, 1366, 2.260359532133138e-06, 7.411079058397317, 2.120382694668634, 1.8197545996217723, 0, 0
65, 1366, 1.8506241197780663e-06, 7.659403723807088, 2.1915342491149494, 1.880877766915486, 0, 0
66, 1366, 1.5151614603434086e-06, 7.915949827570658, 2.2650480984275925, 1.9440388697227993, 0, 0
67, 1366, 1.2405081251764985e-06, 8.180982856698625, 2.3410010436257265, 2.0093038619251193, 0, 0
68, 1366, 1.0156412037089428e-06, 8.454776413952764, 2.4194722578750127, 2.076740884808258, 0, 0
69, 1366, 8.315359105384443e-07, 8.737612435626804, 2.500543353641283, 2.1464203068161636, 0, 0
70, 1366, 6.808033848016791e-07, 9.02978141294826, 2.58429845094361, 2.21841476837394, 0, 0
71, 1366, 5.573941454521699e-07, 9.331582617023102, 2.6708242467259558, 2.292799231064226, 0, 0
72, 1366, 4.56355301177859e-07, 9.643324327225072, 2.7602100853572242, 2.3696510305729226, 0, 0
73, 1366, 3.736317709864499e-07, 9.965324062913849, 2.8525480302615085, 2.4490499329273345, 0, 0
74, 1366, 3.0590353780057374e-07, 10.297908818339378, 2.9479329366702878, 2.5310781936340057, 0, 0
75, 1366, 2.5045240338473587e-07, 10.641415300565672, 3.0464625254795443, 2.615820619391592, 0, 0
76, 1366, 2.050528968669788e-07, 10.996190170218412, 3.1482374581850374, 2.7033646321073737, 0, 0
77, 1366, 1.6788295838622739e-07, 11.362590284838461, 3.253361412861761, 2.7938003349900185, 0, 0
78, 1366, 1.3745081309135008e-07, 11.7409829446047, 3.361941161146257, 2.8872205805258573, 0, 0
79, 1366, 1.1253509752719009e-07, 12.131746141070309, 3.4740866464386846, 2.9837210404039936, 0, 0
80, 1366, 9.213584695266261e-08, 12.535268805965316, 3.5899110624953083, 3.0834002765735318, 0, 0
81, 1366, 7.543436316458809e-08, 12.951951061689936, 3.7095309329117097, 3.186359813793475, 0, 0
82, 1366, 6.176035342913429e-08, 13.382204474306443, 3.8330661917594147, 3.2927042138494755, 0, 0
83, 1366, 5.056566507792645e-08, 13.826452029448125, 3.960640184345817, 3.4025410809472434, 0, 0
84, 1366, 4.140013173375184e-08, 14.285129194731056, 4.092379983568548, 3.5159813420570267, 0, 0
85, 1366, 3.38959721824576e-08, 14.758683381252622, 4.2284162423279374, 3.633139124610448, 0, 0
86, 1366, 2.775199489536273e-08, 15.247574470444237, 4.368883355595846, 3.7541319037385112, 0, 0
87, 1366, 2.2721670069719772e-08, 15.752275041364557, 4.5139195363152185, 3.8790805754305406, 0, 0
88, 1366, 1.860315180668613e-08, 16.27327063028632, 4.6636669010791065, 4.008109538601623, 0, 0
89, 1366, 1.5231161157614254e-08, 16.811059985967745, 4.818271555213735, 4.141346777233784, 0, 0
90, 1366, 1.2470379535493224e-08, 17.36615531010146, 4.977883674304312, 4.2789239400779255, 0, 0
91, 1366, 1.021001744031729e-08, 17.939082499220177, 5.142657586820594, 4.420976421900352, 0, 0
92, 1366, 8.359367856688693e-09, 18.5303813823659, 5.312751856255351, 4.567643444938279, 0, 0
93, 1366, 6.8441657989735e-09, 19.140605953733942, 5.488329362582456, 4.719068140419179, 0, 0
94, 1366, 5.603607835300587e-09, 19.770324599453325, 5.669557382827595, 4.875397629989232, 0, 0
95, 1366, 4.587911926846498e-09, 20.42012031761251, 5.856607670530063, 5.036783106885508, 0, 0
96, 1366, 3.756319617571364e-09, 21.090590930586874, 6.049656533859298, 5.203379916675422, 0, 0
97, 1366, 3.07546037623376e-09, 21.782349288667238, 6.24888491213383, 5.375347637374551, 0, 0
98, 1366, 2.5180124360713414e-09, 22.496023463930342, 6.454478450473688, 5.552850158740864, 0, 0
99, 1366, 2.0616063810859594e-09, 23.23225693323404, 6.666627572300698, 5.736055760530066, 0, 0
100, 1366, 1.687927474549924e-09, 23.99170874915758, 6.885527549383106, 5.925137189481995, 0, 0
101, 1366, 1.3819807035017982e-09, 24.775053697644278, 7.111378569102593, 6.120271734793028, 0, 0
102, 1366, 1.1314890433712123e-09, 25.58298244104189, 7.344385798603394, 6.321641301813871, 0, 0
103, 1366, 9.26400794477867e-10, 26.41620164517006, 7.584759445463803, 6.529432483695768, 0, 0
104, 1366, 7.584862196095763e-10, 27.27543408897771, 7.8327148145100995, 6.743836630690791, 0, 0
105, 1366, 6.210072953853202e-10, 28.161418755290875, 8.088472360374048, 6.965049916795411, 0, 0
106, 1366, 5.084473247888448e-10, 29.074910901080536, 8.352257735373017, 7.193273403407278, 0, 0
107, 1366, 4.16287727052002e-10, 30.01668239168607, 8.624301917321445, 7.428713175447988, 0, 0
108, 1366, 3.4083445297143446e-10, 30.987520589683598, 8.904840908654313, 7.671580096653411, 0, 0
109, 1366, 2.7905753169056245e-10, 31.988230043851186, 9.194116271564644, 7.922090311347016, 0, 0
110, 1366, 2.284780340118568e-10, 33.01963134216172, 9.49237481845273, 8.180464994777244, 0, 0
111, 1366, 1.8706635861833468e-10, 34.082561331229584, 9.79986871242867, 8.446930470181684, 0, 0
112, 1366, 1.5316078893779134e-10, 35.17787302687114, 10.116855477058921, 8.721718246483151, 0, 0
113, 1366, 1.2540081339886905e-10, 36.30643549110011, 10.443597997818864, 9.005065050081788, 0, 0
114, 1366, 1.0267253543994604e-10, 37.46913367299118, 10.780364514524003, 9.297212850142696, 0, 0
115, 1366, 8.406398784018031e-11, 38.6668682097944, 11.127428603720453, 9.598408876540239, 0, 0
116, 1366, 6.882858421176394e-11, 39.90055517986155, 11.485069148712197, 9.908905628584076, 0, 0
117, 1366, 5.6355482403243714e-11, 41.171125757683136, 11.85357028408868, 10.228960864364728, 0, 0
118, 1366, 4.614354907531514e-11, 42.47952614954747, 12.23322141689728, 10.558837652500786, 0, 0
119, 1366, 3.778050954494023e-11, 43.826717637013346, 12.624317273912341, 10.898804440819962, 0, 0
120, 1366, 3.093277917402134e-11, 45.21367475204548, 13.027157455584227, 11.249134740947666, 0, 0
121, 1366, 2.5325989449678777e-11, 46.64138586072764, 13.442046624030143, 11.610107309089592, 0, 0
122, 1366, 2.0735472876843988e-11, 48.11085224532974, 13.869294291409304, 11.982006008202148, 0, 0
123, 1366, 1.697710663809139e-11, 49.62308777780853, 14.30921477816172, 12.365119817146155, 0, 0
124, 1366, 1.3900134441683814e-11, 51.17911822298834, 14.762127064656612, 12.75974274889554, 0, 0
125, 1366, 1.1381333593085366e-11, 52.779980284496055, 15.22835457367046, 13.166173714528036, 0, 0
126, 1366, 9.318740244101851e-12, 54.42672247418804, 15.7082254413933, 13.58471677275769, 0, 0
127, 1366, 7.62981792412791e-12, 56.12040198713862, 16.202071716941177, 14.015680529298173, 0, 0
128, 1366, 6.2469557559994794e-12, 57.862084668086894, 16.710229382754996, 14.459378184437288, 0, 0
129, 1366, 5.114711661938902e-12, 59.65284427697032, 17.233038196689197, 14.916127445218075, 0, 0
130, 1366, 4.187674028955762e-12, 61.493761393528885, 17.770841432715418, 15.386250353501076, 0, 0
131, 1366, 3.428655489630509e-12, 63.385922314805434, 18.323985617983357, 15.870073110334467, 0, 0
132, 1366, 2.8072059191947655e-12, 65.33041789002189, 18.892820251451386, 16.367925884777378, 0, 0
133, 1366, 2.298368038985564e-12, 67.32834298959956, 19.47769772165226, 16.88014281020904, 0, 0
134, 1366, 1.881781471717656e-12, 69.38079239322627, 20.078972105410465, 17.40706093861645, 0, 0
135, 1366, 1.540701481727631e-12, 71.48886357881783, 20.697000132057134, 17.949021215975648, 0, 0
136, 1366, 1.2614427841469512e-12, 73.65365249672999, 21.3321399417807, 18.50636740264928, 0, 0
137, 1366, 1.0328003931289599e-12, 75.87625271804893, 21.98475090941027, 19.07944598744254, 0, 0
138, 1366, 8.456001345628643e-13, 78.15775381964396, 22.65519322679518, 19.668605878053818, 0, 0
139, 1366, 6.923306012989274e-13, 80.49923969264451, 23.343827460924544, 20.274198069675922, 0, 0
140, 1366, 5.668418009662463e-13, 82.90178677485504, 24.051014087565974, 20.89657529128429, 0, 0
141, 1366, 4.64098414464249e-13, 85.36646220798485, 24.777113000288153, 21.536091629203344, 0, 0
142, 1366, 3.7997777020736197e-13, 87.89432192096046, 25.522482994825825, 22.193102127603492, 0, 0
143, 1366, 3.111044320466094e-13, 90.48640864095921, 26.287481228835112, 22.867962365640228, 0, 0
144, 1366, 2.547120735340518e-13, 93.14375070296721, 27.072462946469894, 23.561028297351132, 0, 0
145, 1366, 2.0854109004912521e-13, 95.86735746640109, 27.87778006468062, 24.272654964750167, 0, 0
146, 1366, 1.707395240866741e-13, 98.65821924201289, 28.703781282888077, 25.003196721074733, 0, 0
147, 1366, 1.397902286776806e-13, 101.51730469589567, 29.550811320471812, 25.753006583869958, 0, 0
148, 1366, 1.1445107882428846e-13, 104.44555835099733, 30.41921019752832, 26.522435636370044, 0, 0
149, 1366, 9.370511559051506e-14, 107.44389822379844, 31.309312554389663, 27.311832462897264, 0, 0
150, 1366, 7.671972840699943e-14, 110.51321341250447, 32.221446950137896, 28.121542561254948, 0, 0
151, 1366, 6.281283329572182e-14, 113.65436204115836, 33.155935280458216, 28.951907875229995, 0, 0
152, 1366, 5.1427200251818746e-14, 116.86816718419654, 34.11309147957088, 29.80326559127839, 0, 0
153, 1366, 4.210539884644187e-14, 120.15541670708495, 35.093221601699405, 30.675948343142657, 0, 0
154, 1366, 3.4473321354128103e-14, 123.51685915485014, 36.096622486444595, 31.570282965527035, 0, 0
155, 1366, 2.8224674969654707e-14, 126.95320157951203, 37.12358111225939, 32.48658994415425, 0, 0
156, 1366, 2.3108688779812297e-14, 130.46510696973633, 38.174373796538795, 33.42518270429988, 0, 0
157, 1366, 1.8919691918496212e-14, 134.05319259963088, 39.24926572349431, 34.386367242080084, 0, 0
158, 1366, 1.5490367352692834e-14, 137.71802380804345, 40.34850876757586, 35.370439936364555, 0, 0
159, 1366, 1.2682655873146876e-14, 141.46011691158205, 41.472342715456634, 36.377688962728186, 0, 0
160, 1366, 1.0383881798653436e-14, 145.27993306576823, 42.620993064585704, 37.40839206968755, 0, 0
161, 1366, 8.501794871793581e-15, 149.17787667980855, 43.79467053861585, 38.46281615997392, 0, 0
162, 1366, 6.960868864404297e-15, 153.15429297018835, 44.993570256129836, 39.54121649699877, 0, 0
163, 1366, 5.699273753603352e-15, 157.20946554050556, 46.217870894156626, 40.64383589583358, 0, 0
164, 1366, 4.666412903498314e-15, 161.34361383086392, 47.467733797124346, 41.77090385340686, 0, 0
165, 1366, 3.820627345375523e-15, 165.5568935326963, 48.74330301774657, 42.92263652848634, 0, 0
166, 1366, 3.1281877066551987e-15, 169.84938846969862, 50.04470260077774, 44.099234153940785, 0, 0
167, 1366, 2.5611724216603094e-15, 174.22111567993744, 51.372038129169006, 45.30088240333533, 0, 0
168, 1366, 2.0969658765761995e-15, 178.67201661784586, 52.72539370653894, 46.527749473074216, 0, 0
169, 1366, 1.7168906940678574e-15, 183.20196110670636, 54.1048331419874, 47.77998709909253, 0, 0
170, 1366, 1.4056847371105553e-15, 187.81074295239856, 55.510398355147544, 49.05772896379009, 0, 0
171, 1366, 1.1509000900965227e-15, 192.49807763242603, 56.942108390231844, 50.361089591300804, 0, 0
172, 1366, 9.422947560004696e-16, 197.26360316056224, 58.39995962186623, 51.690164482092094, 0, 0
173, 1366, 7.714991961892743e-16, 202.1068773621967, 59.8839245851605, 53.045028813461215, 0, 0
174, 1366, 6.316519991068122e-16, 207.02737721130606, 61.39395162880461, 54.4257370213775, 0, 0
175, 1366, 5.17150848121048e-16, 212.02449762000361, 62.929964136981056, 55.83232176271618, 0, 0
176, 1366, 4.2341375800652406e-16, 217.09755185996647, 64.4918603505868, 57.26479346944311, 0, 0
177, 1366, 3.4666694989220297e-16, 222.24576949827534, 66.07951291804764, 58.72314015735412, 0, 0
178, 1366, 2.838309087885399e-16, 227.46829709749744, 67.69276838479325, 60.207326346273405, 0, 0
179, 1366, 2.323842713647469e-16, 232.76419787071555, 69.33144694362774, 61.71729270730203, 0, 0
180, 1366, 1.9026266762051975e-16, 238.1324517890085, 70.99534217768363, 63.25295558394841, 0, 0
181, 1366, 1.557758947049679e-16, 243.57195590010195, 72.68422086305229, 64.81420655903413, 0, 0
182, 1366, 1.2753897197762916e-16, 249.0815246728168, 74.39782281816898, 66.40091209813419, 0, 0
183, 1366, 1.0442133764336548e-16, 254.65989149390865, 76.13586088266314, 68.0129130951721, 0, 0
184, 1366, 8.549396009868509e-17, 260.30570851103596, 77.89802084810296, 69.65002478664157, 0, 0
185, 1366, 6.999486743121027e-17, 266.01754469962685, 79.68396063109796, 71.312035851857, 0, 0
186, 1366, 5.73075797158346e-17, 271.79390245199835, 81.49331399246587, 72.99871035596004, 0, 0
187, 1366, 4.6919976286367934e-17, 277.63319617246816, 83.32568544735919, 74.70978464789862, 0, 0
188, 1366, 3.841522166072179e-17, 283.5337693828003, 85.18065396714088, 76.44496923354548, 0, 0
189, 1366, 3.1452034410263095e-17, 289.49389292329187, 87.05777247355206, 78.20394833042535, 0, 0
190, 1366, 2.5750271279464965e-17, 295.5117633699114, 88.95656724841336, 79.98637925502379, 0, 0
191, 1366, 2.1082731065643056e-17, 301.5855205744096, 90.87654230296934, 81.79189527677306, 0, 0
192, 1366, 1.7261085731132826e-17, 307.71322682988773, 92.8171739473881, 83.62010172367253, 0, 0
193, 1366, 1.4131942371777322e-17, 313.8928839000607, 94.77791488219927, 85.47057855921494, 0, 0
194, 1366, 1.1570064052333665e-17, 320.1224390964208, 96.75819588992819, 87.34288162742244, 0, 0
195, 1366, 9.472613053666648e-18, 326.39977997116085, 98.75742428493464, 89.23654134633483, 0, 0
196, 1366, 7.755501978799992e-18, 332.7227436155107, 100.77498636533522, 91.1510644642252, 0, 0
197, 1366, 6.349567240535344e-18, 339.0891078535456, 102.8102447758297, 93.08593178980531, 0, 0
198, 1366, 5.198570545632854e-18, 345.4966159528699, 104.86254546261863, 95.04060366668824, 0, 0
199, 1366, 4.256162894314316e-18, 351.9429559942842, 106.93121166847371, 97.01451496962852, 0, 0
200, 1366, 3.4845969310770415e-18, 358.42578568710735, 109.01555103400952, 99.00708082658078, 0, 0
201, 1366, 2.8529392197892294e-18, 364.94272704671374, 111.11485404690778, 101.01769528296008, 0, 0
202, 1366, 2.335752267458189e-18, 371.49136133776807, 113.22839243131948, 103.04572980044387, 0, 0
203, 1366, 1.912321816007967e-18, 378.06925077165266, 115.35542556275419, 105.09053862533607, 0, 0
204, 1366, 1.5656514913221193e-18, 384.67393056525145, 117.49519810791995, 107.1514567321562, 0, 0
205, 1366, 1.281826076572216e-18, 391.3029158506275, 119.64694207525666, 109.22780152160702, 0, 0
206, 1366, 1.0494529443647622e-18, 397.9537056362846, 121.80987801949206, 111.31887382403062, 0, 0
207, 1366, 8.592028966897269e-19, 404.6237861563877, 123.98321607377713, 113.42395876490846, 0, 0
208, 1366, 7.034418505569391e-19, 411.31063664322676, 126.16615776696997, 115.5423273636215, 0, 0
209, 1366, 5.759175732272316e-19, 418.0117314381433, 128.35789671122205, 117.67323712901553, 0, 0
210, 1366, 4.715107661419565e-19, 424.72454397975184, 130.55761988978048, 119.81593320851096, 0, 0
211, 1366, 3.8603140738002527e-19, 431.44655207276014, 132.76450939375897, 121.96964998968372, 0, 0
212, 1366, 3.1605483362790385e-19, 438.17524469014324, 134.97774467144103, 124.13361320065643, 0, 0
213, 1366, 2.5875743250182603e-19, 444.90810837550765, 137.19649819787367, 126.30703587335415, 0, 0
214, 1366, 2.1185185630971338e-19, 451.6426621527378, 139.41994686518333, 128.48912903807621, 0, 0
215, 1366, 1.734450230225467e-19, 458.37642457856475, 141.64726135193038, 130.6790917579998, 0, 0
216, 1366, 1.4200186957956292e-19, 465.10695151842475, 143.87761861587717, 132.8761230308602, 0, 0
217, 1366, 1.1625791411845937e-19, 471.8318133418596, 146.11019448443068, 135.07941477361098, 0, 0
218, 1366, 9.51810071496138e-20, 478.54861386304276, 148.34417008454747, 137.2881581002603, 0, 0
219, 1366, 7.792429174784552e-20, 485.2549832914506, 150.57872958312598, 139.501541176528, 0, 0
220, 1366, 6.37960898872441e-20, 491.9485911213821, 152.81306474541313, 141.71875382315883, 0, 0
221, 1366, 5.22291604889666e-20, 498.62714017576513, 155.04637299530637, 143.93898566445796, 0, 0
222, 1366, 4.275255166254531e-20, 505.288331222673, 157.2778449790206, 146.1614133848819, 0, 0
223, 1366, 3.4989010359995894e-20, 511.92994486972555, 159.5066936408834, 148.38523037709248, 0, 0
224, 1366, 2.863350510405871e-20, 518.5498447020086, 161.73215576460458, 150.60964896245883, 0, 0
225, 1366, 2.3432024375604828e-20, 525.1459177161529, 163.95347081142333, 152.8338787222491, 0, 0
226, 1366, 1.9180039982463787e-20, 531.7161519002552, 166.16990904589355, 155.05715602883325, 0, 0
227, 1366, 1.5700642994280535e-20, 538.2584751434804, 168.38071320914477, 157.278682707763, 0, 0
228, 1366, 1.2852441921329278e-20, 544.7708979526003, 170.58515061260445, 159.49768058167245, 0, 0
229, 1366, 1.0521171025369925e-20, 551.2515051346836, 172.78251033785693, 161.71338900393795, 0, 0
230, 1366, 8.61283349732667e-21, 557.6984277806084, 174.9720931311063, 163.92505430180304, 0, 0
231, 1366, 7.051458303284189e-21, 564.1098799402831, 177.1532253542032, 166.1319450878304, 0, 0
232, 1366, 5.772851872721573e-21, 570.4840743142349, 179.32522717966876, 168.33331765188308, 0, 0
233, 1366, 4.726116980544569e-21, 576.8193294717465, 181.48745365657487, 170.5284609441345, 0, 0
234, 1366, 3.869195530259907e-21, 583.1140113392787, 183.63927253059342, 172.7166726065645, 0, 0
235, 1366, 3.167728732808363e-21, 589.3665494272885, 185.78007070304537, 174.89726623484313, 0, 0
236, 1366, 2.5933894776109996e-21, 595.5754230578988, 187.90924905791906, 177.06956573583648, 0, 0
237, 1366, 2.1231907575068315e-21, 601.7391832204299, 190.02623126570646, 179.23291540138138, 0, 0
238, 1366, 1.7382477080167987e-21, 607.8564384909191, 192.13045843158267, 181.38667410297467, 0, 0
239, 1366, 1.4231187867176432e-21, 613.9258605694158, 194.2213915315353, 183.53021824457733, 0, 0
240, 1366, 1.1651256130100485e-21, 619.9461792168094, 196.29850957338533, 185.66293982728976, 0, 0
241, 1366, 9.539002517959544e-22, 625.9161860630221, 198.36131141679215, 187.78424874067838, 0, 0
242, 1366, 7.809691667050051e-22, 631.8347355287974, 200.40931630404623, 189.89357359706463, 0, 0
243, 1366, 6.393904753290738e-22, 637.700742362979, 202.4420631527338, 191.99036112652269, 0, 0
244, 1366, 5.234766394268229e-22, 643.5131808261689, 204.45911038195135, 194.07407615103773, 0, 0
245, 1366, 4.28575009958254e-22, 649.2710857144629, 206.46003661747474, 196.14420264677327, 0, 0
246, 1366, 3.5087624829065567e-22, 654.9735510707078, 208.4444403704817, 198.20024357168134, 0, 0
247, 1366, 2.872411636420076e-22, 660.619722781005, 210.41193691039243, 200.24171709809312, 0, 0
248, 1366, 2.351452118176629e-22, 666.2088189954014, 212.36216794308123, 202.26816908451178, 0, 0
249, 1366, 1.9251052846146883e-22, 671.7401137098152, 214.29479424313985, 204.2791641964002, 0, 0
250, 1366, 1.5759497037926387e-22, 677.2129195957612, 216.20948781928917, 206.2742757140659, 0, 0
251, 1366, 1.2901298699984862e-22, 682.6266222121546, 218.10594851319246, 208.25310733160882, 0, 0
252, 1366, 1.056155638424671e-22, 687.9806548452854, 219.98389222899314, 210.21527816638627, 0, 0
253, 1366, 8.647011416643838e-23, 693.274509014691, 221.84305644862224, 212.16043036740496, 0, 0
254, 1366, 7.079478781236611e-23, 698.5077166774578, 223.68319108094286, 214.08821665978982, 0, 0
255, 1366, 5.796033332400757e-23, 703.6798671872342, 225.50406806759295, 215.99831382927184, 0, 0
256, 1366, 4.7452734294655985e-23, 708.7906003936696, 227.3054777935241, 217.89041808665183, 0, 0
257, 1366, 3.885010331418851e-23, 713.839603886793, 229.08722804200315, 219.76424388968104, 0, 0
258, 1366, 3.1807060580561146e-23, 718.8266124810735, 230.84914404818218, 221.61952425920398, 0, 0
259, 1366, 2.6040853215482634e-23, 723.7514069318635, 232.59106814717092, 223.45601054252847, 0, 0
260, 1366, 2.1319995952357545e-23, 728.6138126331962, 234.31285940859738, 225.27347215570478, 0, 0
261, 1366, 1.7454973664792513e-23, 733.4136982998771, 236.01439325864754, 227.0716963056348, 0, 0
262, 1366, 1.429063078312631e-23, 738.1509746371448, 237.6955610908213, 228.85048769327383, 0, 0
263, 1366, 1.1700155356520424e-23, 742.825593006392, 239.35627002775237, 230.60966854891785, 0, 0
264, 1366, 9.579083348622472e-24, 747.4375440588833, 240.9964418401885, 232.34907686628628, 0, 0
265, 1366, 7.842531815767273e-24, 751.9868564189812, 242.6160135898877, 234.06856826801402, 0, 0
266, 1366, 6.420792175452617e-24, 756.4735953150563, 244.21493646586435, 235.76801413439117, 0, 0
267, 1366, 5.256793293873944e-24, 760.8978612396246, 245.7931755542578, 237.44730162089365, 0, 0
268, 1366, 4.3034404179824336e-24, 765.2597903338624, 247.3507093564287, 239.10633247014076, 0, 0
269, 1366, 3.5232863794369396e-24, 769.5595461349569, 248.8875296753707, 240.74502599901504, 0, 0
270, 1366, 2.8845628024319354e-24, 773.7973286736177, 250.40364051094684, 242.36331340476866, 0, 0
271, 1366, 2.3616304448767382e-24, 777.9733661945703, 251.89905821738066, 243.9611410481794, 0, 0
272, 1366, 1.9334980952463203e-24, 782.0879156109968, 253.37381087717742, 245.5384690827715, 0, 0
273, 1366, 1.5829799424733388e-24, 786.1412612262906, 254.8279378673775, 247.09527103992576, 0, 0
274, 1366, 1.296005707075491e-24, 790.1337134736794, 256.26148942775353, 248.63153341074803, 0, 0
275, 1366, 1.0610558383481753e-24, 794.0656076752192, 257.67452623172437, 250.14725522570438, 0, 0
276, 1366, 8.686991037919218e-25, 797.9373028215248, 259.0671189607043, 251.64244763298788, 0, 0
277, 1366, 7.1121400782604195e-25, 801.7491803734762, 260.4393478825608, 253.1171334765354, 0, 0
278, 1366, 5.822788422754923e-25, 805.501643087003, 261.7913024347963, 254.57134687455897, 0, 0
279, 1366, 4.76717926404789e-25, 809.1951138619118, 263.1230808130217, 256.00513279940776, 0, 0
280, 1366, 3.902938499807594e-25, 812.8300346156269, 264.43478956524484, 257.41854665952906, 0, 0
281, 1366, 3.1953737957574535e-25, 816.4068651825858, 265.72654319244924, 258.81165388424836, 0, 0
282, 1366, 2.616082002720542e-25, 819.9260822399118, 266.998463755889, 260.1845295120353, 0, 0
283, 1366, 2.141809027331781e-25, 823.3881782598753, 268.2506804914926, 261.53725778288054, 0, 0
284, 1366, 1.7535163902089056e-25, 826.7936604897709, 269.4833294317179, 262.86993173535836, 0, 0
285, 1366, 1.4356170022436802e-25, 830.1430499591451, 270.6965530351707, 264.1826528089061, 0, 0
286, 1366, 1.1753494823576936e-25, 833.4368805150551, 271.8904998242484, 265.4755304518092, 0, 0
287, 1366, 9.62265901305969e-26, 836.6756978853185, 273.0653240310476, 266.74868173533076, 0, 0
288, 1366, 7.878123892133307e-26, 839.8600587699065, 274.2211852517367, 268.0022309743945, 0, 0
289, 1366, 6.449857811848558e-26, 842.9905299658209, 275.3582481112227, 269.2363093566734, 0, 0
290, 1366, 5.280524830926952e-26, 846.0676875082785, 276.4766819329509, 270.451054575713, 0, 0
291, 1366, 4.3231831675748304e-26, 849.0921158432513, 277.5766604184906, 271.6466104723019, 0, 0
292, 1366, 3.539400979415473e-26, 852.0644070354674, 278.65836133844965, 272.82312668575423, 0, 0
293, 1366, 2.897713634822742e-26, 854.9851599997714, 279.7219662310959, 273.9807583120437, 0, 0
294, 1366, 2.3723606569250267e-26, 857.8549797599401, 280.76766011002513, 275.11966557012397, 0, 0
295, 1366, 1.94225164021212e-26, 860.6744767346584, 281.79563118088413, 276.24001347659174, 0, 0
296, 1366, 1.5901196305906126e-26, 863.4442660503269, 282.8060705671403, 277.3419715288227, 0, 0
297, 1366, 1.3018279848616353e-26, 866.164966880333, 283.7991720448654, 278.42571339667984, 0, 0
298, 1366, 1.0658028862217095e-26, 868.8372018103876, 284.77513178648894, 279.49141662287144, 0, 0
299, 1366, 8.72568736364667e-27, 871.4615962294998, 285.73414811345407, 280.53926233201105, 0, 0
300, 1366, 7.143677742802411e-27, 874.0387777461376, 286.6764212577006, 281.56943494840715, 0, 0
301, 1366, 5.8484865277992586e-27, 876.5693756290967, 287.60215313187956, 282.5821219225927, 0, 0
302, 1366, 4.788114717644964e-27, 879.0540202725807, 288.51154710819463, 283.5775134665843, 0, 0
303, 1366, 3.9199903351898784e-27, 881.4933426849824, 289.40480780575365, 284.5558022978384, 0, 0
304, 1366, 3.2086762374809747e-27, 883.8879876317848, 290.2821453761924, 285.5171876827347, 0, 0
305, 1366, 2.6269722044956562e-27, 886.2385566496448, 291.1437567730952, 286.46185751696675, 0, 0
306, 1366, 2.1502222373690414e-27, 888.5457128092897, 291.9898599883882, 287.3900209588095, 0, 0
307, 1366, 1.7599608386209342e-27, 890.8100684827259, 292.8206573401486, 288.30187327817237, 0, 0
308, 1366, 1.4407399992890918e-27, 893.0322385354611, 293.6363526389182, 289.197612144742, 0, 0
309, 1366, 1.1794070499146216e-27, 895.2128600654269, 294.4371578674401, 290.0774441678636, 0, 0
310, 1366, 9.6546191219707e-28, 897.3525562936552, 295.2232812276474, 290.9415732686922, 0, 0
311, 1366, 7.902923577773116e-28, 899.4519494358744, 295.9949313278854, 291.79020469911273, 0, 0
312, 1366, 6.46926089083507e-28, 901.5116509644306, 296.7523138608777, 292.6235417129949, 0, 0
313, 1366, 5.2957666112322505e-28, 903.53227598314, 297.495636391469, 293.4417902485947, 0, 0
314, 1366, 4.3351747763156975e-28, 905.5144354028101, 298.2251057239749, 294.2451563020227, 0, 0
315, 1366, 3.5483137213703756e-28, 907.4587466484378, 298.9409315264922, 295.03384953053387, 0, 0
316, 1366, 2.9043751471547898e-28, 909.3657987366, 299.6433144100838, 295.808071264079, 0, 0
317, 1366, 2.37773815355847e-28, 911.2361789628382, 300.3324548707027, 296.568023370383, 0, 0
318, 1366, 1.9465853684940103e-28, 913.0704945179478, 301.0085607492925, 297.3139158026509, 0, 0
319, 1366, 1.5936061520299527e-28, 914.8693339026528, 301.67183407002625, 298.0459533143705, 0, 0
320, 1366, 1.3046278336307174e-28, 916.6332806324941, 302.3224756412773, 298.7643400523683, 0, 0
321, 1366, 1.0680469332299843e-28, 918.3629130595009, 302.96068496962505, 299.46927943875284, 0, 0
322, 1366, 8.743634627946054e-29, 920.0588042080053, 303.5866601794273, 300.1609740595142, 0, 0
323, 1366, 7.157996264810922e-29, 921.7215216248973, 304.2005979380775, 300.8396255598701, 0, 0
324, 1366, 5.859876197917221e-29, 923.3516272455586, 304.80269338739373, 301.5054345468037, 0, 0
325, 1366, 4.797115752271711e-29, 924.9496776312081, 305.3931402053303, 302.1586006272751, 0, 0
326, 1366, 3.9270337611678384e-29, 926.5162233531588, 305.9721303725309, 302.79932214309645, 0, 0
327, 1366, 3.2147061183665105e-29, 928.0518087174885, 306.53985405500555, 303.42779602460985, 0, 0
328, 1366, 2.631530512925555e-29, 929.5569721085668, 307.0964997038797, 304.0442178702683, 0, 0
329, 1366, 2.1543042859349863e-29, 931.0322395866492, 307.64225177957957, 304.64877955164224, 0, 0
330, 1366, 1.7636201333278794e-29, 932.4781417236669, 308.17729664884774, 305.2416753285307, 0, 0
331, 1366, 1.4437846645695718e-29, 933.8951979818038, 308.70181710157647, 305.8230961298803, 0, 0
332, 1366, 1.1819502087730266e-29, 935.2839214452721, 309.2159939821888, 306.3932312276551, 0, 0
333, 1366, 9.675195591808964e-30, 936.6448236453857, 309.7200078857431, 306.952270000063, 0, 0
334, 1366, 7.920042840284702e-30, 937.9783986956278, 310.21403352764406, 307.50039600297373, 0, 0
335, 1366, 6.483353065422366e-30, 939.2851406785186, 310.6982458634544, 308.0377933669557, 0, 0
336, 1366, 5.3077746044390766e-30, 940.5655319344963, 311.17281593620856, 308.56464241472406, 0, 0
337, 1366, 4.3450018517448505e-30, 941.8200632255165, 311.63791802645716, 309.08112719341904, 0, 0
338, 1366, 3.556880129442866e-30, 943.0492035341978, 312.0937189276116, 309.5874241404068, 0, 0
339, 1366, 2.9117217399897248e-30, 944.2534203229072, 312.5403851020521, 310.08370961714303, 0, 0
340, 1366, 2.3835900951306783e-30, 945.4331744469602, 312.97808087317804, 310.5701579866925, 0, 0
341, 1366, 1.9512552268022666e-30, 946.5889201596001, 313.4069684151742, 311.04694158841687, 0, 0
342, 1366, 1.597339283114496e-30, 947.7211051206591, 313.8272077445738, 311.5142307150698, 0, 0
343, 1366, 1.3076173160613961e-30, 948.8301704094189, 314.23895671377994, 311.97219359246304, 0, 0
344, 1366, 1.0704450767001254e-30, 949.916550541684, 314.64237100653213, 312.4209963616862, 0, 0
345, 1366, 8.762907120551644e-31, 950.9806734910231, 315.0376041352895, 312.8608030638351, 0, 0
346, 1366, 7.173514784824703e-31, 952.0229607139693, 315.42480744043644, 313.29177562714744, 0, 0
347, 1366, 5.87240024537356e-31, 953.0438271790318, 315.8041300912503, 313.7140738564648, 0, 0
348, 1366, 4.807276087918247e-31, 954.0436813992793, 316.17571908852784, 314.12785542490735, 0, 0
349, 1366, 3.9353391428531307e-31, 955.0229254683192, 316.5397192687994, 314.53327586766954, 0, 0
350, 1366, 3.2215500081458e-31, 955.9819550994472, 316.8962733100359, 314.9304885778278, 0, 0
351, 1366, 2.6372247250372727e-31, 956.9211596677847, 317.2455217387718, 315.3196448040695, 0, 0
352, 1366, 2.158881956055787e-31, 957.8409222552041, 317.5876029385638, 315.70089365024086, 0, 0
353, 1366, 1.767299300087155e-31, 958.7416196978527, 317.92265315970434, 316.0743820766212, 0, 0
354, 1366, 1.4467407961146693e-31, 959.6236226361035, 318.2508065301169, 316.4402549028344, 0, 0
355, 1366, 1.1843245558716e-31, 960.4872955667543, 318.57219506736334, 316.7986548123085, 0, 0
356, 1366, 9.695051027425607e-32, 961.3329968973072, 318.8869486916881, 317.14972235819636, 0, 0
357, 1366, 7.93569680127727e-32, 962.1610832408231, 319.19519678068025, 317.4935976412057, 0, 0
358, 1366, 6.495577480774152e-32, 962.9718967560074, 319.4970635689834, 317.8304153175694, 0, 0
359, 1366, 5.317982152116181e-32, 963.7657686892072, 319.7926694085264, 318.1603059451002, 0, 0
360, 1366, 4.3538814116511307e-32, 964.5430429798828, 320.0821393521299, 318.48340529778915, 0, 0
361, 1366, 3.564567986555575e-32, 965.3040484695099, 320.36559306436214, 318.7998434144391, 0, 0
362, 1366, 2.9183526245855166e-32, 966.0491082714989, 320.6431482087789, 319.10974826567127, 0, 0
363, 1366, 2.3892916062264628e-32, 966.7785398358903, 320.9149204665514, 319.4132457678342, 0, 0
364, 1366, 1.9561449894504617e-32, 967.4926550150487, 321.1810235556586, 319.7104597978241, 0, 0
365, 1366, 1.6015237487845764e-32, 968.1917601302257, 321.44156925059747, 320.00151220874477, 0, 0
366, 1366, 1.3110731707351929e-32, 968.8761591495288, 321.69666854046784, 320.28652408861564, 0, 0
367, 1366, 1.0732946267132591e-32, 969.5461444511114, 321.9464282500747, 320.5656120685398, 0, 0
368, 1366, 8.786368721210763e-33, 970.2020061635533, 322.19095444339126, 320.8388920289006, 0, 0
369, 1366, 7.192805323221183e-33, 970.8440291573455, 322.4303513241891, 321.1064778960921, 0, 0
370, 1366, 5.888240880815488e-33, 971.4724931143742, 322.66472125769656, 321.36848166154687, 0, 0
371, 1366, 4.820267478205204e-33, 972.0876726010433, 322.89416479375524, 321.6250134026007, 0, 0
372, 1366, 3.945976680465365e-33, 972.6898371681714, 323.1187806999618, 321.87618131449733, 0, 0
373, 1366, 3.2302467050056975e-33, 973.2792513475913, 323.33866595712954, 322.1220917012846, 0, 0
374, 1366, 2.6443240154308527e-33, 973.8561747629361, 323.5539157966507, 322.3628490127728, 0, 0
375, 1366, 2.164668743095759e-33, 974.4208621999886, 323.7646237232476, 322.59855586567016, 0, 0
376, 1366, 1.77200941988227e-33, 974.9735636769944, 323.9708815378451, 322.8293130650213, 0, 0
377, 1366, 1.450569078400944e-33, 975.514524514891, 324.1727793605467, 323.05521962591587, 0, 0
378, 1366, 1.1874316550342144e-33, 976.0439854073911, 324.37040565368255, 323.2763727954341, 0, 0
379, 1366, 9.720232616780522e-34, 976.5621824908749, 324.5638472449088, 323.49286807479615, 0, 0
380, 1366, 7.956875026589619e-34, 977.0693474140382, 324.7531893503354, 323.70479924168757, 0, 0
381, 1366, 6.513377878496523e-34, 977.5657074072514, 324.9385155976605, 323.9122583727301, 0, 0
382, 1366, 5.33172683606791e-34, 978.0514853515903, 325.1199080492926, 324.1153358660719, 0, 0
383, 1366, 4.364428733232369e-34, 978.526899847496, 325.29744722544007, 324.31412046407166, 0, 0
384, 1366, 3.5726037116314392e-34, 978.9921652830295, 325.4712121271525, 324.50869927605106, 0, 0
385, 1366, 2.924423286520997e-34, 979.4474919016797, 325.6412802592935, 324.69915780109386, 0, 0
386, 1366, 2.3938316237086216e-34, 979.8930858697023, 325.80772765343403, 324.8855799508682, 0, 0
387, 1366, 1.9594986808148114e-34, 980.329149342954, 325.9706288906478, 325.0680480724547, 0, 0
388, 1366, 1.6039631746254665e-34, 980.7558805331921, 326.1300571241953, 325.24664297115527, 0, 0
389, 1366, 1.312930956298813e-34, 981.1734737738176, 326.28608410208676, 325.42144393327067, 0, 0
390, 1366, 1.0747006172882269e-34, 981.5821195850397, 326.43878018950807, 325.59252874882446, 0, 0
391, 1366, 8.796932566022215e-35, 981.9820047384341, 326.5882143911001, 325.75997373422075, 0, 0
392, 1366, 7.200675226705921e-35, 982.373312320879, 326.7344543730803, 325.92385375481723, 0, 0
393, 1366, 5.894044671773022e-35, 982.7562217978508, 326.8775664851997, 326.08424224740236, 0, 0
394, 1366, 4.824495520175766e-35, 983.1309090760601, 327.0176157825206, 326.2412112425598, 0, 0
395, 1366, 3.94901445431446e-35, 983.4975465654159, 327.15466604701356, 326.3948313869116, 0, 0
396, 1366, 3.232391226879225e-35, 983.8563032402998, 327.2887798089585, 326.54517196522374, 0, 0
397, 1366, 2.6458032501445393e-35, 984.2073447001455, 327.4200183681503, 326.69230092236734, 0, 0
398, 1366, 2.1656569009085752e-35, 984.5508332293056, 327.548441814897, 326.8362848851229, 0, 0
399, 1366, 1.772638984938521e-35, 984.886927856198, 327.67410905080584, 326.97718918381804, 0, 0
400, 1366, 1.4509402473943458e-35, 985.215784411725, 327.79707780935445, 327.11507787379105, 0, 0
401, 1366, 1.1876197268853124e-35, 985.5375555869584, 327.9174046762381, 327.2500137566723, 0, 0
402, 1366, 9.72084149063616e-36, 985.8523909947324, 328.0351451112174, 327.38205840339106, 0, 0
403, 1366, 7.956573520321704e-36, 986.1604373296464, 328.150353506515, 327.5112722178464, 0, 0
404, 1366, 6.512446747142055e-36, 986.4618381925327, 328.2630831208808, 327.6377143625552, 0, 0
405, 1366, 5.3303816891599806e-36, 986.7567342679254, 328.37338614445304, 327.7614428295662, 0, 0
406, 1366, 4.362832980651094e-36, 987.0452633779901, 328.48131371793994, 327.88251446072553, 0, 0
407, 1366, 3.570879253628645e-36, 987.3275605356968, 328.58691595156375, 328.0009849677254, 0, 0
408, 1366, 2.922659282258082e-36, 987.6037579972298, 328.69024194375714, 328.11690895192663, 0, 0
409, 1366, 2.392091635662949e-36, 987.8739853136377, 328.7913397996137, 328.23033992395546, 0, 0
410, 1366, 1.9578264570073435e-36, 988.1383693817285, 328.8902566490921, 328.34133032306966, 0, 0
411, 1366, 1.6023872969824806e-36, 988.3970344942003, 328.98703866497067, 328.44993153628883, 0, 0
412, 1366, 1.3114685513587821e-36, 988.6501023890198, 329.08173108055314, 328.55619391729056, 0, 0
413, 1366, 1.0733602965327014e-36, 988.8976922980469, 329.1743782071255, 328.66016680506567, 0, 0
414, 1366, 8.784774279693004e-37, 989.1399209949036, 329.2650234511617, 328.7618985423325, 0, 0
415, 1366, 7.189741915470051e-37, 989.3769028421015, 329.353709331281, 328.8614364937111, 0, 0
416, 1366, 5.884286262246811e-37, 989.6087498374196, 329.44047749495394, 328.95882706365, 0, 0
417, 1366, 4.815842413412676e-37, 989.8355716595469, 329.5253687349618, 329.0541157141111, 0, 0
418, 1366, 3.941385506759484e-37, 990.0574757129847, 329.60842300560427, 329.14734698200806, 0, 0
419, 1366, 3.2256996604841258e-37, 990.274567172223, 329.68967943866164, 329.23856449639794, 0, 0
420, 1366, 2.639960938971209e-37, 990.486949025195, 329.76917635911093, 329.327810995429, 0, 0
421, 1366, 2.1605773994669305e-37, 990.6947221160021, 329.84695130059293, 329.4151283430383, 0, 0
422, 1366, 1.7682395853040168e-37, 990.8979851869389, 329.9230410206394, 329.50055754540887, 0, 0
423, 1366, 1.447143300535675e-37, 991.0968349197991, 329.99748151565336, 329.5841387671757, 0, 0
424, 1366, 1.1843534103177142e-37, 991.2913659764927, 330.07030803565095, 329.6659113473916, 0, 0
425, 1366, 9.692830866231347e-38, 991.4816710389645, 330.14155509876326, 329.7459138152474, 0, 0
426, 1366, 7.932675557149983e-38, 991.6678408484205, 330.2112565054972, 329.82418390554653, 0, 0
427, 1366, 6.492151995546575e-38, 991.8499642438967, 330.2794453527684, 329.90075857394635, 0, 0
428, 1366, 5.313219808322719e-38, 992.0281282001238, 330.34615404768886, 329.97567401194584, 0, 0
429, 1366, 4.349026632277008e-38, 992.2024163723056, 330.41141376474997, 330.04896504006587, 0, 0
430, 1366, 3.5597778397056117e-38, 992.3729137625303, 330.4752561846741, 330.1206670498491, 0, 0
431, 1366, 2.913737435957487e-38, 992.5397019664, 330.5377117231807, 330.1908140251809, 0, 0
432, 1366, 2.3849252445117384e-38, 992.7028608601744, 330.59881015903625, 330.2594392433839, 0, 0
433, 1366, 1.9520732548896736e-38, 992.8624686354287, 330.6585806467241, 330.3265752890394, 0, 0
434, 1366, 1.59777116206737e-38, 993.0186018330687, 330.71705172888386, 330.3922540675725, 0, 0
435, 1366, 1.3077668037743437e-38, 993.1713353767354, 330.7742513485371, 330.456506818611, 0, 0
436, 1366, 1.0703934229063409e-38, 993.3207426056155, 330.8302068611011, 330.5193641291278, 0, 0
437, 1366, 8.761007713944576e-39, 993.4668953066571, 330.8849450461916, 330.5808559463593, 0, 0
438, 1366, 7.17071234030279e-39, 993.6098637461887, 330.93849211921344, 330.6410115905027, 0, 0
439, 1366, 5.8690555713703344e-39, 993.7497167009889, 330.99087374275575, 330.6998597672072, 0, 0
440, 1366, 4.803655678645523e-39, 993.8865214887876, 331.04211503778583, 330.7574285798529, 0, 0
441, 1366, 3.931635516655419e-39, 994.020343998217, 331.09224059464435, 330.81374554162056, 0, 0
442, 1366, 3.217898260655642e-39, 994.1512487182666, 331.1412744838673, 330.8688375873779, 0, 0
443, 1366, 2.633715897961682e-39, 994.2792987671955, 331.18924026681094, 330.9227310853584, 0, 0
444, 1366, 2.1555737160624348e-39, 994.4045559210134, 331.23616100612685, 330.97545184867874, 0, 0
445, 1366, 1.764224400759445e-39, 994.5270806415001, 331.28205927606933, 331.0270251466847, 0, 0
446, 1366, 1.4439137155588903e-39, 994.6469321038486, 331.3269571726736, 331.07747571615715, 0, 0
447, 1366, 1.1817060635759918e-39, 994.7641684659748, 331.3708764141986, 331.12682787361103, 0, 0
448, 1366, 9.670677793684188e-40, 994.8788464072098, 331.41383816876066, 331.17510532213834, 0, 0
449, 1366, 7.913751198281542e-40, 994.9910213892123, 331.45586315157976, 331.2223312601123, 0, 0
450, 1366, 6.475667006290326e-40, 995.1007476904458, 331.4969716377353, 331.2685283953126, 0, 0
451, 1366, 5.298606171619482e-40, 995.2080784311239, 331.5371834713712, 331.3137189550826, 0, 0
452, 1366, 4.335227332352997e-40, 995.3130655980182, 331.57651807485166, 331.357924696443, 0, 0
453, 1366, 3.546769284441767e-40, 995.4157600686898, 331.6149944577116, 331.40116691597905, 0, 0
454, 1366, 2.901497117177702e-40, 995.5162116347803, 331.6526312252573, 331.44346645934695, 0, 0
455, 1366, 2.373429947920289e-40, 995.6144690231504, 331.6894465863708, 331.4848437298945, 0, 0
456, 1366, 1.9413010843533073e-40, 995.7105799062684, 331.72545835730284, 331.52531869278744, 0, 0
457, 1366, 1.587806947595081e-40, 995.8045905531177, 331.76068383099033, 331.56491072841817, 0, 0
458, 1366, 1.2986095100979442e-40, 995.8965467518512, 331.7951401219483, 331.60363901881163, 0, 0
459, 1366, 1.0620256537370419e-40, 995.9864931539805, 331.82884392107997, 331.6415222727592, 0, 0
460, 1366, 8.684932359355692e-41, 996.0744734512366, 331.8618115616745, 331.67857879968534, 0, 0
461, 1366, 7.101863494265597e-41, 996.1605303957929, 331.8940590268918, 331.7148265179373, 0, 0
462, 1366, 5.807871202401189e-41, 996.2447050650512, 331.9256016747381, 331.7502826463124, 0, 0
463, 1366, 4.750604682032708e-41, 996.3270378878516, 331.95645462162526, 331.784964133954, 0, 0
464, 1366, 3.885972819060146e-41, 996.4075697429948, 331.98663315323654, 331.8188881210615, 0, 0
465, 1366, 3.178824252793192e-41, 996.4863398733953, 332.0161519446033, 331.85207106432676, 0, 0
466, 1366, 2.60043869161626e-41, 996.5633866690403, 332.04502535269427, 331.8845290649169, 0, 0
467, 1366, 2.1273452362512116e-41, 996.6387476853395, 332.07326742322056, 331.9162778760258, 0, 0
468, 1366, 1.7403591184655795e-41, 996.7124596619835, 332.1008918976302, 331.94733291064824, 0, 0
469, 1366, 1.4237964062318954e-41, 996.7845585413968, 332.1279122199564, 331.97770924918774, 0, 0
470, 1366, 1.164833494836554e-41, 996.8550794864612, 332.1543415433921, 332.00742164677126, 0, 0
471, 1366, 9.529843101107725e-42, 996.9240568977833, 332.18019273670393, 332.03648454037295, 0, 0
472, 1366, 7.796734543886346e-42, 996.9915244304059, 332.2054783904333, 332.06491205571496, 0, 0
473, 1366, 6.378875393591343e-42, 997.0575150100825, 332.230210822942, 332.09271801398984, 0, 0
474, 1366, 5.218903223153264e-42, 997.1220608490472, 332.25440208626634, 332.1199159383747, 0, 0
475, 1366, 4.269898837688731e-42, 997.1851934615054, 332.278063971875, 332.1465190604398, 0, 0
476, 1366, 3.493483390698633e-42, 997.2469436786431, 332.30120801624486, 332.17254032635117, 0, 0
477, 1366, 2.8582626249400702e-42, 997.3073416633827, 332.3238455063441, 332.19799240298045, 0, 0
478, 1366, 2.338554952786256e-42, 997.3664169247194, 332.34598748496245, 332.2228876838362, 0, 0
479, 1366, 1.9133513476032002e-42, 997.4241983318014, 332.36764475594424, 332.2472382948974, 0, 0
480, 1366, 1.5654647972948017e-42, 997.4807141276807, 332.3888278893044, 332.2710561003091, 0, 0
481, 1366, 1.2808347155686749e-42, 997.535991942738, 332.4095472262194, 332.2943527079462, 0, 0
482, 1366, 1.0479580061993064e-42, 997.590058807869, 332.4298128839341, 332.3171394748831, 0, 0
483, 1366, 8.574237445184606e-43, 997.6429411673328, 332.44963476054096, 332.3394275127211, 0, 0
484, 1366, 7.015325444748424e-43, 997.6946648913766, 332.4690225396776, 332.3612276928275, 0, 0
485, 1366, 5.7398521824609745e-43, 997.7452552885374, 332.4879856951086, 332.38255065144534, 0, 0
486, 1366, 4.6962791093115275e-43, 997.7947371188311, 332.5065334956345, 332.4034067951716, 0, 0
487, 1366, 3.842441884253397e-43, 997.8431346033364, 332.52467500865646, 332.4238063049306, 0, 0
488, 1366, 3.1438431942860468e-43, 997.8904714367513, 332.5424191048536, 332.44375914119473, 0, 0
489, 1366, 2.5722582367643926e-43, 997.9367707988532, 332.5597744624521, 332.46327504875245, 0, 0
490, 1366, 2.104594097627062e-43, 997.9820553655919, 332.57674957135725, 332.4823635613169, 0, 0
491, 1366, 1.7219566115751924e-43, 998.0263473199083, 332.59335273718375, 332.5010340060292, 0, 0
492, 1366, 1.4088868907945146e-43, 998.0696683623582, 332.6095920852136, 332.51929550787924, 0, 0
493, 1366, 1.152736707169909e-43, 998.1120397214936, 332.6254755642655, 332.5371569940243, 0, 0
494, 1366, 9.43157453375439e-44, 998.1534821640229, 332.64101095048346, 332.5546271980224, 0, 0
495, 1366, 7.716820253949756e-44, 998.1940160047711, 332.65620585104546, 332.5717146639793, 0, 0
496, 1366, 6.313827341520743e-44, 998.2336611164208, 332.6710677077984, 332.58842775060623, 0, 0
497, 1366, 5.165914232388946e-44, 998.2724369390256, 332.68560380080373, 332.60477463518555, 0, 0
498, 1366, 4.2267046310888087e-44, 998.310362489368, 332.6998212518287, 332.62076331747096, 0, 0
499, 1366, 3.458253929832788e-44, 998.3474563700803, 332.71372702774556, 332.6364016234893, 0, 0
500, 1366, 2.829516233849076e-44, 998.383736778585, 332.72732794386883, 332.6516972092725, 0, 0
